Test case,N = ?,Output,Running Time
0,4,26,0.0
1,4,13,0.0
2,4,18,0.0010020732879638672
3,4,14,0.0
4,8,25,0.0029993057250976562
5,8,39,0.019003868103027344
6,8,21,0.010001659393310547
7,8,24,0.00700068473815918
8,12,40,1.2331526279449463
9,12,54,2.911393165588379
10,12,33,1.0789291858673096
11,12,34,0.6711487770080566
