Test case,Output,Running Time
1,13,0.0
2,18,0.0
3,14,0.0
4,26,0.16404366493225098
5,39,0.15960693359375
6,21,0.15555572509765625
7,22,0.15204691886901855
8,42,2192.966523885727
