Test case,N = ?,Output,Running Time
0,4,26,0.0009992122650146484
1,4,13,0.0
2,4,18,0.0
3,4,14,0.0009996891021728516
4,8,26,0.16805791854858398
5,8,39,0.16805243492126465
6,8,21,0.16505074501037598
7,8,25,0.16257858276367188
