Test case,N = ?,Output,Running Time
0,4,26,0.0010085105895996094
1,4,13,0.0009927749633789062
2,4,18,0.0010001659393310547
3,4,14,0.0010004043579101562
4,8,26,0.1710507869720459
5,8,39,0.17564988136291504
6,8,21,0.1690516471862793
7,8,25,0.1670370101928711
