Test case,N = ?,Output,Running Time
0,4,26,0.005000591278076172
1,4,13,0.004998683929443359
2,4,18,0.0040013790130615234
3,4,14,0.006001710891723633
4,8,26,0.1760387420654297
5,8,39,0.18304157257080078
6,8,21,0.1710371971130371
7,8,25,0.1670522689819336
