Test case,N = ?,Output,Running Time
0,4,26,0.008002042770385742
1,4,13,0.0
2,4,18,0.0
3,4,14,0.0
4,8,26,0.18401718139648438
5,8,39,0.1680283546447754
6,8,21,0.1680159568786621
7,8,25,0.17603731155395508
